epoch,time,train/box_loss,train/cls_loss,train/dfl_loss,metrics/precision(B),metrics/recall(B),metrics/mAP50(B),metrics/mAP50-95(B),val/box_loss,val/cls_loss,val/dfl_loss,lr/pg0,lr/pg1,lr/pg2
1,28.1066,1.69322,1.66206,1.4813,0.01551,0.34685,0.01049,0.00527,2.01935,inf,2.82789,0.00052,0.00052,0.00052
2,44.6368,1.59253,1.14429,1.4278,0.00278,0.06757,0.00154,0.00069,3.36599,inf,303.288,0.00105475,0.00105475,0.00105475
3,59.1429,1.5822,1.21953,1.39898,0.00249,0.01802,0.00127,0.00035,5.04439,inf,1191.15,0.00158416,0.00158416,0.00158416
4,72.3311,1.71962,1.21606,1.46937,0.00599,0.14414,0.00349,0.00097,3.28251,inf,17.682,0.0019703,0.0019703,0.0019703
5,85.8951,1.67137,1.38409,1.49233,0.01037,0.25225,0.00649,0.00278,2.26995,inf,2.72189,0.0019604,0.0019604,0.0019604
6,100.289,1.63832,1.23112,1.5009,0.62358,0.4955,0.52249,0.25253,3.15226,2.74339,3.58728,0.0019505,0.0019505,0.0019505
7,116.399,1.58984,1.13268,1.42626,0.67373,0.4837,0.51442,0.22435,2.39832,1.9015,2.68531,0.0019406,0.0019406,0.0019406
8,131.083,1.47853,1.05704,1.38415,0.49474,0.58559,0.45077,0.194,1.99077,1.92095,2.30288,0.0019307,0.0019307,0.0019307
9,144.662,1.46699,0.99484,1.35437,0.72119,0.54762,0.6264,0.27737,2.10345,1.46455,2.24749,0.0019208,0.0019208,0.0019208
10,160.036,1.43718,0.94378,1.34313,0.67211,0.64414,0.62224,0.28146,1.82646,1.93737,1.96559,0.0019109,0.0019109,0.0019109
11,175.481,1.398,0.94977,1.30682,0.55488,0.56152,0.52291,0.22804,2.05476,1.56156,2.20897,0.001901,0.001901,0.001901
12,190.169,1.42893,0.94048,1.331,0.67341,0.67117,0.66897,0.33232,1.65346,1.63115,1.87807,0.0018911,0.0018911,0.0018911
13,206,1.3873,0.90511,1.3119,0.7949,0.71171,0.75781,0.33928,1.74157,1.26883,1.84736,0.0018812,0.0018812,0.0018812
14,221.776,1.33137,0.83563,1.24619,0.80097,0.66216,0.7011,0.30053,1.99938,1.29776,2.14958,0.0018713,0.0018713,0.0018713
15,236.457,1.32347,0.85767,1.28428,0.74038,0.73874,0.78253,0.31157,2.19442,1.67138,2.4857,0.0018614,0.0018614,0.0018614
16,251.034,1.33322,0.85909,1.27024,0.76404,0.71171,0.76508,0.29775,1.97504,1.30565,2.0606,0.0018515,0.0018515,0.0018515
17,265.858,1.33009,0.81788,1.26444,0.82243,0.73423,0.8272,0.37279,1.8893,1.0792,1.91222,0.0018416,0.0018416,0.0018416
18,282.177,1.28198,0.82444,1.25731,0.76706,0.78614,0.82546,0.36477,1.73774,1.07033,1.79234,0.0018317,0.0018317,0.0018317
19,296.999,1.25298,0.79627,1.22776,0.86628,0.77477,0.844,0.38708,1.60975,0.90307,1.78678,0.0018218,0.0018218,0.0018218
20,312.275,1.25546,0.8069,1.21057,0.76,0.65618,0.74094,0.36784,1.95184,1.8116,2.23773,0.0018119,0.0018119,0.0018119
21,325.911,1.30035,0.80151,1.25372,0.77701,0.69064,0.78207,0.39739,1.737,1.37473,1.97114,0.001802,0.001802,0.001802
22,340.812,1.25175,0.77879,1.22186,0.84593,0.74775,0.82108,0.41537,1.72073,1.10105,1.85761,0.0017921,0.0017921,0.0017921
23,356.645,1.27515,0.80039,1.24205,0.82107,0.7027,0.78827,0.35844,1.78788,1.1522,1.99147,0.0017822,0.0017822,0.0017822
24,371.273,1.25177,0.75717,1.20529,0.76823,0.71622,0.78428,0.3605,1.72401,1.07563,1.80401,0.0017723,0.0017723,0.0017723
25,385.361,1.18199,0.71292,1.1872,0.89508,0.76577,0.85755,0.40969,1.62213,0.96573,1.79105,0.0017624,0.0017624,0.0017624
26,398.835,1.15908,0.67329,1.1799,0.8507,0.76999,0.86343,0.45372,1.61546,0.95227,1.82939,0.0017525,0.0017525,0.0017525
27,413.724,1.24174,0.7185,1.2054,0.83887,0.82079,0.88373,0.49169,1.44373,0.87701,1.7071,0.0017426,0.0017426,0.0017426
28,429.087,1.16822,0.67563,1.18414,0.84395,0.83784,0.87902,0.45288,1.56626,0.86319,1.72017,0.0017327,0.0017327,0.0017327
29,443.767,1.18662,0.66282,1.15488,0.81584,0.85806,0.90238,0.48501,1.4133,0.91456,1.6313,0.0017228,0.0017228,0.0017228
30,458.412,1.19066,0.68552,1.21154,0.86307,0.77027,0.87051,0.44705,1.62773,1.01092,1.83224,0.0017129,0.0017129,0.0017129
31,472.487,1.18054,0.69212,1.20793,0.81489,0.70721,0.78973,0.36948,1.78674,1.22204,1.95402,0.001703,0.001703,0.001703
32,486.02,1.22209,0.70909,1.21135,0.82486,0.72523,0.80229,0.36722,1.83383,1.07972,2.11075,0.0016931,0.0016931,0.0016931
33,500.148,1.16218,0.66327,1.17243,0.8391,0.75174,0.84464,0.39046,1.77394,1.00158,1.92289,0.0016832,0.0016832,0.0016832
34,514.825,1.20885,0.70179,1.16928,0.83945,0.77477,0.83687,0.40497,1.70552,0.94468,1.79182,0.0016733,0.0016733,0.0016733
35,529.604,1.12461,0.65245,1.17989,0.8049,0.72072,0.82092,0.42302,1.58355,0.95266,1.79636,0.0016634,0.0016634,0.0016634
36,543.964,1.14027,0.64043,1.14984,0.8573,0.76126,0.84411,0.42609,1.58431,0.98467,1.77906,0.0016535,0.0016535,0.0016535
37,557.548,1.10821,0.62631,1.1416,0.85556,0.83784,0.87891,0.46965,1.52685,0.85019,1.70661,0.0016436,0.0016436,0.0016436
38,573.663,1.15267,0.66125,1.16188,0.84644,0.77477,0.82308,0.41048,1.58531,0.92437,1.71944,0.0016337,0.0016337,0.0016337
39,588.35,1.11958,0.65048,1.15737,0.86929,0.72973,0.81946,0.38893,1.89754,1.05828,2.01126,0.0016238,0.0016238,0.0016238
40,602.749,1.15733,0.62544,1.1687,0.81724,0.68919,0.78191,0.37284,1.66825,1.12204,1.80946,0.0016139,0.0016139,0.0016139
41,616.556,1.14701,0.62146,1.13929,0.87507,0.74775,0.84136,0.41196,1.77763,0.92477,1.91914,0.001604,0.001604,0.001604
42,630.317,1.12212,0.63723,1.13909,0.91169,0.74405,0.84476,0.40542,1.7758,1.02732,1.90906,0.0015941,0.0015941,0.0015941
43,644.672,1.08368,0.6206,1.12834,0.83662,0.80735,0.8498,0.43564,1.76474,0.99302,1.98121,0.0015842,0.0015842,0.0015842
44,659.511,1.11368,0.61642,1.12801,0.78028,0.75185,0.80863,0.39416,1.7073,1.2033,1.8009,0.0015743,0.0015743,0.0015743
45,674.185,1.11092,0.61647,1.13266,0.81035,0.7027,0.79204,0.37304,1.63521,1.06977,1.82216,0.0015644,0.0015644,0.0015644
46,687.261,1.09646,0.62479,1.13205,0.76846,0.59009,0.67357,0.29388,1.82412,1.84853,1.90429,0.0015545,0.0015545,0.0015545
47,701.008,1.07561,0.61912,1.12494,0.85539,0.71622,0.7887,0.38265,1.70197,1.01137,1.90034,0.0015446,0.0015446,0.0015446
48,715.98,1.07412,0.60335,1.13797,0.85986,0.77477,0.83515,0.41397,1.66165,1.07292,1.94311,0.0015347,0.0015347,0.0015347
49,730.428,1.09533,0.64559,1.13049,0.85922,0.82479,0.88668,0.448,1.58368,0.92358,1.75069,0.0015248,0.0015248,0.0015248
50,744.857,1.05621,0.62098,1.12319,0.8609,0.8364,0.87717,0.4232,1.75135,0.95473,1.8718,0.0015149,0.0015149,0.0015149
51,758.179,1.07301,0.59421,1.11817,0.81655,0.65766,0.75427,0.34954,1.7172,1.22524,1.87329,0.001505,0.001505,0.001505
52,772.188,1.08165,0.60575,1.13153,0.80579,0.77928,0.82068,0.38565,1.73912,1.02135,1.96183,0.0014951,0.0014951,0.0014951
53,786.591,1.03026,0.55343,1.10126,0.86291,0.76126,0.85617,0.40423,1.65136,0.95733,1.81637,0.0014852,0.0014852,0.0014852
54,801.556,1.04502,0.58141,1.11501,0.84859,0.68163,0.79503,0.4058,1.59772,0.93539,1.71895,0.0014753,0.0014753,0.0014753
55,815.991,1.0628,0.58493,1.11398,0.84511,0.81532,0.86285,0.49909,1.44392,0.87099,1.7644,0.0014654,0.0014654,0.0014654
56,831.062,1.04448,0.57262,1.12923,0.84358,0.80165,0.86137,0.39842,1.73008,1.02627,1.97006,0.0014555,0.0014555,0.0014555
57,844.997,1.02001,0.56773,1.10004,0.86581,0.75676,0.81994,0.39362,1.67458,1.23328,1.84244,0.0014456,0.0014456,0.0014456
58,859.539,1.04792,0.57523,1.11839,0.85083,0.74324,0.84042,0.43009,1.53893,1.14109,1.73005,0.0014357,0.0014357,0.0014357
59,874.234,1.01752,0.55494,1.08722,0.86261,0.73535,0.82483,0.37159,1.74356,1.13239,1.94861,0.0014258,0.0014258,0.0014258
60,889.702,1.0304,0.54891,1.09966,0.88492,0.72743,0.8259,0.36939,1.71496,1.21944,1.85989,0.0014159,0.0014159,0.0014159
61,904.215,1.04635,0.54444,1.10995,0.88467,0.79279,0.87215,0.37069,1.79691,0.96107,2.05841,0.001406,0.001406,0.001406
62,917.931,1.02378,0.54998,1.11368,0.88639,0.84348,0.89446,0.45493,1.61591,0.7773,1.84176,0.0013961,0.0013961,0.0013961
63,932.946,0.9744,0.52236,1.07301,0.84026,0.87668,0.90357,0.47406,1.53854,0.89963,1.79538,0.0013862,0.0013862,0.0013862
64,948.584,0.99626,0.55186,1.0924,0.88599,0.80509,0.8986,0.46474,1.49181,0.80762,1.73285,0.0013763,0.0013763,0.0013763
65,964.609,0.9907,0.54263,1.07197,0.88311,0.75676,0.84871,0.40947,1.70221,0.90524,1.86853,0.0013664,0.0013664,0.0013664
66,978.805,0.984,0.52737,1.08385,0.88231,0.79279,0.86277,0.44212,1.56134,0.80873,1.77321,0.0013565,0.0013565,0.0013565
67,993.346,1.02991,0.55345,1.06946,0.91115,0.69291,0.80066,0.33352,2.0723,1.10889,2.29613,0.0013466,0.0013466,0.0013466
68,1008.93,1.03714,0.54807,1.09614,0.85051,0.76126,0.82122,0.39669,1.72954,1.11522,1.90193,0.0013367,0.0013367,0.0013367
69,1024.68,0.99931,0.53438,1.06789,0.91634,0.78946,0.87419,0.44947,1.63722,1.02386,1.93759,0.0013268,0.0013268,0.0013268
70,1040.79,0.92679,0.50343,1.06029,0.9043,0.76126,0.83425,0.38506,1.71264,1.07086,2.03921,0.0013169,0.0013169,0.0013169
71,1056.01,0.94572,0.4874,1.04103,0.90515,0.77377,0.84268,0.42667,1.66172,0.94115,1.97549,0.001307,0.001307,0.001307
72,1070.38,0.94883,0.51307,1.05396,0.90999,0.72973,0.83665,0.43614,1.55544,0.86707,1.78935,0.0012971,0.0012971,0.0012971
73,1085.68,0.96861,0.5136,1.06027,0.82961,0.74569,0.81496,0.36258,1.78488,1.01609,1.98556,0.0012872,0.0012872,0.0012872
74,1101.08,0.95658,0.49465,1.05256,0.90736,0.75005,0.85098,0.41483,1.70711,0.94392,1.92377,0.0012773,0.0012773,0.0012773
75,1117.15,0.93023,0.49644,1.03844,0.88406,0.74324,0.84922,0.40581,1.66001,1.01618,1.88997,0.0012674,0.0012674,0.0012674
76,1132.33,0.92715,0.49159,1.04325,0.85128,0.81532,0.87474,0.45228,1.68723,0.87193,1.97708,0.0012575,0.0012575,0.0012575
77,1146.49,0.95242,0.49996,1.06175,0.89097,0.80631,0.8808,0.44143,1.68573,0.82052,1.94747,0.0012476,0.0012476,0.0012476
78,1160.95,0.94218,0.49884,1.0641,0.85828,0.81081,0.87082,0.43776,1.54434,0.88223,1.79291,0.0012377,0.0012377,0.0012377
79,1176.54,0.95037,0.50374,1.0512,0.8872,0.81486,0.89017,0.4626,1.61911,0.8116,1.90084,0.0012278,0.0012278,0.0012278
80,1192.36,0.90805,0.47947,1.03828,0.80804,0.84685,0.85444,0.41041,1.66955,0.87659,1.88952,0.0012179,0.0012179,0.0012179
81,1208.03,0.90917,0.47812,1.0369,0.89044,0.84206,0.90189,0.44732,1.65073,0.7904,1.86818,0.001208,0.001208,0.001208
82,1225.89,0.90829,0.48043,1.03191,0.89409,0.76057,0.86262,0.4588,1.42249,0.78852,1.72072,0.0011981,0.0011981,0.0011981
83,1240.52,0.93507,0.48533,1.0441,0.90093,0.73423,0.84241,0.43745,1.54263,0.94374,1.83211,0.0011882,0.0011882,0.0011882
84,1255.46,0.92093,0.47557,1.05127,0.85298,0.784,0.8516,0.40924,1.65425,1.00012,1.84459,0.0011783,0.0011783,0.0011783
85,1271.71,0.88665,0.44971,1.01754,0.91065,0.82883,0.88921,0.45197,1.54976,0.89163,1.81914,0.0011684,0.0011684,0.0011684
86,1288.6,0.91941,0.48208,1.04791,0.85622,0.77794,0.82562,0.40522,1.68103,0.93746,1.91121,0.0011585,0.0011585,0.0011585
87,1305.05,0.94053,0.47884,1.0412,0.85228,0.78829,0.80234,0.35707,1.7968,0.94691,2.10752,0.0011486,0.0011486,0.0011486
88,1320.67,0.89965,0.46979,1.02991,0.91431,0.79279,0.85889,0.42443,1.59705,0.80934,1.88477,0.0011387,0.0011387,0.0011387
89,1335.49,0.87616,0.46007,1.01898,0.83594,0.82432,0.86262,0.41955,1.72758,0.83812,1.94987,0.0011288,0.0011288,0.0011288
90,1350.65,0.86534,0.4668,1.01715,0.89321,0.79279,0.86886,0.42532,1.65273,0.85311,1.83422,0.0011189,0.0011189,0.0011189
91,1367.02,0.88604,0.46703,1.0391,0.90682,0.76577,0.85636,0.41556,1.60787,0.87103,1.84122,0.001109,0.001109,0.001109
92,1383.3,0.84629,0.43847,1.01973,0.89624,0.81982,0.89798,0.48821,1.57864,0.86011,1.83041,0.0010991,0.0010991,0.0010991
93,1399.99,0.88933,0.4595,1.02182,0.94212,0.78829,0.89605,0.4971,1.50914,0.85497,1.73228,0.0010892,0.0010892,0.0010892
94,1418.37,0.86103,0.44264,1.00806,0.90043,0.72072,0.8382,0.45166,1.61451,0.95269,1.87799,0.0010793,0.0010793,0.0010793
95,1433.84,0.87052,0.44311,0.99678,0.9365,0.79719,0.8862,0.49487,1.49725,0.73006,1.78657,0.0010694,0.0010694,0.0010694
96,1448.99,0.87139,0.45269,1.01994,0.93564,0.74324,0.85606,0.42253,1.70086,0.93924,1.8836,0.0010595,0.0010595,0.0010595
97,1464.78,0.85042,0.43621,1.00163,0.86436,0.71765,0.80819,0.35099,1.82759,1.08776,2.07193,0.0010496,0.0010496,0.0010496
98,1481.52,0.83526,0.43069,0.9932,0.91201,0.74775,0.85166,0.40014,1.75923,0.96059,1.99342,0.0010397,0.0010397,0.0010397
99,1498.56,0.87626,0.46102,1.03287,0.89648,0.79279,0.85627,0.42836,1.68129,0.92678,1.95619,0.0010298,0.0010298,0.0010298
100,1515.31,0.84359,0.44025,0.99198,0.94399,0.76577,0.87081,0.45504,1.58654,0.93302,1.86389,0.0010199,0.0010199,0.0010199
101,1530.99,0.88958,0.4567,1.00884,0.86099,0.78119,0.84824,0.39869,1.72058,0.88515,1.97742,0.00101,0.00101,0.00101
102,1548.76,0.86762,0.44796,0.99379,0.85347,0.8018,0.86498,0.44672,1.62629,0.93387,1.95722,0.0010001,0.0010001,0.0010001
103,1565.54,0.83897,0.43164,1.00096,0.92292,0.80899,0.8729,0.45791,1.61037,0.83467,1.99442,0.0009902,0.0009902,0.0009902
104,1582.14,0.83007,0.4252,1.00675,0.8871,0.81403,0.87194,0.44441,1.64317,0.86788,1.87232,0.0009803,0.0009803,0.0009803
105,1598.69,0.82577,0.44581,1.00539,0.8787,0.81578,0.87553,0.41596,1.68334,0.88971,1.90102,0.0009704,0.0009704,0.0009704
106,1614.02,0.84321,0.43189,0.98316,0.87883,0.81982,0.86774,0.43293,1.64307,0.85374,1.96055,0.0009605,0.0009605,0.0009605
107,1628.81,0.83321,0.43438,0.99806,0.92604,0.81081,0.90056,0.45521,1.67309,0.85862,1.92675,0.0009506,0.0009506,0.0009506
108,1644.69,0.85557,0.42575,1.00153,0.91721,0.79847,0.89629,0.4777,1.6086,0.88889,1.91822,0.0009407,0.0009407,0.0009407
109,1661.08,0.82546,0.41627,0.99987,0.85672,0.87387,0.90511,0.47579,1.64316,0.89261,2.00635,0.0009308,0.0009308,0.0009308
110,1677.29,0.81827,0.4183,1.00421,0.85085,0.79659,0.84929,0.40854,1.76373,1.13771,2.02818,0.0009209,0.0009209,0.0009209
111,1693.49,0.81978,0.4247,0.99128,0.92272,0.80677,0.90176,0.47101,1.62185,0.82003,1.98895,0.000911,0.000911,0.000911
112,1708.07,0.79894,0.41576,0.99083,0.85558,0.77391,0.87209,0.41901,1.67747,1.06071,1.83913,0.0009011,0.0009011,0.0009011
113,1722.82,0.81742,0.42968,0.99139,0.9216,0.74134,0.86485,0.45858,1.63936,0.9022,1.87327,0.0008912,0.0008912,0.0008912
114,1738.51,0.81234,0.42342,0.9792,0.92503,0.77817,0.88228,0.44328,1.62218,0.79432,1.89402,0.0008813,0.0008813,0.0008813
115,1753.99,0.79247,0.41661,0.99853,0.90496,0.78829,0.87251,0.47446,1.53756,0.89823,1.80693,0.0008714,0.0008714,0.0008714
116,1769.72,0.79951,0.42738,0.98337,0.88639,0.7973,0.86121,0.42835,1.62029,0.81617,1.86316,0.0008615,0.0008615,0.0008615
117,1785.21,0.81419,0.42425,0.98987,0.89582,0.76126,0.85822,0.43729,1.65379,0.76626,1.92178,0.0008516,0.0008516,0.0008516
118,1800.11,0.80557,0.42223,0.97324,0.86906,0.83715,0.894,0.45641,1.67225,0.78805,1.98101,0.0008417,0.0008417,0.0008417
119,1815.16,0.80624,0.41502,0.97704,0.879,0.8018,0.88311,0.42637,1.72423,0.97184,1.9776,0.0008318,0.0008318,0.0008318
120,1831.16,0.7759,0.41703,0.97776,0.89156,0.8148,0.88937,0.49555,1.59507,0.8231,1.9434,0.0008219,0.0008219,0.0008219
121,1849.29,0.80709,0.41182,0.98084,0.89434,0.83333,0.90228,0.47125,1.58821,0.77614,1.89197,0.000812,0.000812,0.000812
122,1866.32,0.7829,0.3989,0.96538,0.89861,0.75858,0.86247,0.44024,1.57778,1.09598,1.81844,0.0008021,0.0008021,0.0008021
123,1881.96,0.79636,0.42586,0.98478,0.89421,0.77928,0.86035,0.42874,1.60111,0.88651,1.76934,0.0007922,0.0007922,0.0007922
124,1896.28,0.77745,0.39768,0.96589,0.8852,0.86036,0.89434,0.46826,1.52147,0.79818,1.79662,0.0007823,0.0007823,0.0007823
125,1910.87,0.77782,0.40733,0.96845,0.88418,0.82532,0.87779,0.47247,1.55903,0.89764,1.86142,0.0007724,0.0007724,0.0007724
126,1926.42,0.79148,0.41312,0.97858,0.86651,0.78829,0.84837,0.40038,1.79302,0.98904,2.05278,0.0007625,0.0007625,0.0007625
127,1941.78,0.75149,0.38988,0.97979,0.91332,0.81081,0.89093,0.48135,1.5688,0.8854,1.83955,0.0007526,0.0007526,0.0007526
128,1957.75,0.76339,0.39304,0.96604,0.91681,0.79429,0.88579,0.46856,1.63039,0.9052,1.9304,0.0007427,0.0007427,0.0007427
129,1972.15,0.79485,0.3992,0.96533,0.8545,0.79363,0.85942,0.41653,1.72324,0.91177,2.01069,0.0007328,0.0007328,0.0007328
130,1986.37,0.79645,0.40268,0.995,0.86699,0.79276,0.86076,0.46215,1.55289,0.86047,1.84463,0.0007229,0.0007229,0.0007229
131,2001.92,0.77549,0.38761,0.96301,0.87137,0.78378,0.84828,0.38624,1.88237,0.96819,2.21726,0.000713,0.000713,0.000713
132,2017.19,0.75519,0.37289,0.95034,0.87978,0.7973,0.87419,0.46551,1.55941,0.7577,1.85985,0.0007031,0.0007031,0.0007031
133,2032.59,0.77824,0.38917,0.95154,0.90974,0.8018,0.87616,0.45947,1.54289,0.79019,1.84196,0.0006932,0.0006932,0.0006932
134,2046.55,0.76655,0.38569,0.96687,0.93119,0.8018,0.87795,0.44765,1.58717,0.82149,1.89293,0.0006833,0.0006833,0.0006833
135,2061.01,0.72781,0.36471,0.95482,0.92738,0.80537,0.86714,0.46121,1.61716,0.75879,1.9399,0.0006734,0.0006734,0.0006734
136,2075.98,0.74652,0.37954,0.97239,0.87643,0.82432,0.87646,0.45509,1.65269,0.85155,1.93967,0.0006635,0.0006635,0.0006635
137,2091.98,0.74355,0.37628,0.93874,0.88671,0.82883,0.89609,0.48772,1.49798,0.8255,1.78129,0.0006536,0.0006536,0.0006536
138,2107.87,0.72126,0.37146,0.93905,0.90001,0.81982,0.90038,0.46899,1.60147,0.79023,1.88016,0.0006437,0.0006437,0.0006437
139,2123.14,0.72722,0.3789,0.95973,0.92124,0.81532,0.89588,0.47324,1.54897,0.74239,1.8314,0.0006338,0.0006338,0.0006338
140,2137.99,0.72302,0.37401,0.94775,0.91364,0.82883,0.89158,0.48254,1.56551,0.80879,1.84641,0.0006239,0.0006239,0.0006239
141,2153.31,0.69309,0.35634,0.93274,0.914,0.81384,0.89351,0.4781,1.5408,0.74057,1.8047,0.000614,0.000614,0.000614
142,2172.54,0.70353,0.35776,0.93794,0.93066,0.82883,0.90634,0.49625,1.54443,0.76748,1.8128,0.0006041,0.0006041,0.0006041
143,2191.18,0.73029,0.37181,0.96393,0.89712,0.82432,0.89824,0.49666,1.48165,0.74351,1.76496,0.0005942,0.0005942,0.0005942
144,2207.54,0.69849,0.36346,0.94849,0.92657,0.85261,0.90604,0.47371,1.57244,0.81607,1.92253,0.0005843,0.0005843,0.0005843
145,2223.16,0.71891,0.37658,0.95664,0.9046,0.81153,0.86545,0.44112,1.61227,0.90869,1.93868,0.0005744,0.0005744,0.0005744
146,2238.13,0.70765,0.36049,0.94521,0.94843,0.82837,0.9049,0.46348,1.63169,0.78552,1.97695,0.0005645,0.0005645,0.0005645
147,2254.02,0.74066,0.38495,0.96296,0.93777,0.80631,0.90005,0.44449,1.69243,0.8509,2.01794,0.0005546,0.0005546,0.0005546
148,2270.76,0.7086,0.36156,0.95485,0.93671,0.79997,0.89495,0.46478,1.57625,0.88473,1.85332,0.0005447,0.0005447,0.0005447
149,2287.3,0.6956,0.35869,0.93276,0.93008,0.7973,0.89808,0.47273,1.57232,0.76745,1.89268,0.0005348,0.0005348,0.0005348
150,2303.43,0.68604,0.35339,0.93132,0.94002,0.77659,0.90033,0.47973,1.55797,0.7634,1.86843,0.0005249,0.0005249,0.0005249
151,2318.6,0.69742,0.36309,0.937,0.91734,0.81532,0.90406,0.47187,1.61598,0.76935,1.92183,0.000515,0.000515,0.000515
152,2333.74,0.69415,0.35405,0.93556,0.9218,0.79647,0.8925,0.4481,1.65984,0.75453,1.96097,0.0005051,0.0005051,0.0005051
153,2350.28,0.66995,0.34655,0.92167,0.89999,0.85586,0.90677,0.49048,1.49674,0.72533,1.79396,0.0004952,0.0004952,0.0004952
154,2366.75,0.71672,0.36591,0.93424,0.89005,0.82432,0.85818,0.41802,1.58779,0.82277,1.81084,0.0004853,0.0004853,0.0004853
155,2383.16,0.69562,0.35423,0.93221,0.90344,0.84293,0.88933,0.45364,1.58957,0.77865,1.85361,0.0004754,0.0004754,0.0004754
156,2399.56,0.67088,0.34152,0.91956,0.92393,0.83333,0.90354,0.48617,1.52915,0.75831,1.83457,0.0004655,0.0004655,0.0004655
157,2414.39,0.66835,0.34323,0.92158,0.9263,0.7973,0.88655,0.45946,1.61245,0.75731,1.92662,0.0004556,0.0004556,0.0004556
158,2429.56,0.65069,0.33366,0.92409,0.93224,0.8056,0.90233,0.49109,1.51115,0.72374,1.85828,0.0004457,0.0004457,0.0004457
159,2445.98,0.66511,0.33914,0.91058,0.88411,0.85909,0.9198,0.47952,1.63804,0.73719,1.99906,0.0004358,0.0004358,0.0004358
160,2462.94,0.65636,0.34033,0.92026,0.95366,0.80631,0.9151,0.47968,1.62511,0.75001,1.91807,0.0004259,0.0004259,0.0004259
161,2481.78,0.68253,0.35763,0.93865,0.93351,0.82214,0.91197,0.50654,1.53784,0.72638,1.88405,0.000416,0.000416,0.000416
162,2499.16,0.66295,0.34693,0.93447,0.92154,0.84653,0.91463,0.50349,1.49705,0.72508,1.81969,0.0004061,0.0004061,0.0004061
163,2514.39,0.66616,0.34439,0.92554,0.9397,0.84242,0.91343,0.48494,1.5369,0.75334,1.82841,0.0003962,0.0003962,0.0003962
164,2530.77,0.66385,0.33682,0.91431,0.89919,0.83784,0.9058,0.47556,1.60988,0.7557,1.87982,0.0003863,0.0003863,0.0003863
165,2547.66,0.6409,0.3364,0.90758,0.90636,0.85586,0.91126,0.49259,1.575,0.76192,1.85737,0.0003764,0.0003764,0.0003764
166,2564.65,0.64682,0.33182,0.92087,0.9345,0.83547,0.9112,0.49042,1.54517,0.79057,1.81087,0.0003665,0.0003665,0.0003665
167,2581.57,0.63546,0.33137,0.91844,0.9191,0.79279,0.88335,0.48366,1.59338,0.81782,1.84302,0.0003566,0.0003566,0.0003566
168,2596.43,0.63923,0.33803,0.92458,0.89486,0.81982,0.88693,0.46665,1.66609,0.81767,1.90156,0.0003467,0.0003467,0.0003467
169,2611.94,0.61406,0.31793,0.90344,0.93364,0.82392,0.89957,0.47189,1.62111,0.77463,1.92664,0.0003368,0.0003368,0.0003368
170,2628.31,0.63819,0.33057,0.90853,0.91948,0.823,0.9064,0.49795,1.55112,0.74038,1.9323,0.0003269,0.0003269,0.0003269
171,2645.49,0.66056,0.3385,0.92655,0.89259,0.82432,0.89191,0.46678,1.62282,0.76903,1.98399,0.000317,0.000317,0.000317
172,2662.43,0.624,0.32398,0.90767,0.93057,0.84519,0.90967,0.50696,1.54102,0.69877,1.87599,0.0003071,0.0003071,0.0003071
173,2680.91,0.62305,0.32134,0.91308,0.90387,0.85135,0.90443,0.49361,1.5363,0.69887,1.82165,0.0002972,0.0002972,0.0002972
174,2695.95,0.61607,0.31763,0.90518,0.92441,0.85586,0.9144,0.51261,1.46747,0.67418,1.77645,0.0002873,0.0002873,0.0002873
175,2712.74,0.60855,0.31411,0.90085,0.91381,0.81189,0.90434,0.48286,1.54554,0.71211,1.86239,0.0002774,0.0002774,0.0002774
176,2727.79,0.629,0.33104,0.91388,0.91665,0.81081,0.88983,0.46074,1.56992,0.74486,1.89481,0.0002675,0.0002675,0.0002675
177,2744.42,0.61481,0.31709,0.90251,0.92035,0.81532,0.88666,0.46161,1.61996,0.8071,1.97073,0.0002576,0.0002576,0.0002576
178,2761.76,0.6392,0.32378,0.90385,0.90886,0.84234,0.88616,0.44779,1.6775,0.8474,2.07912,0.0002477,0.0002477,0.0002477
179,2778.7,0.62793,0.32408,0.89829,0.91034,0.82883,0.86859,0.44509,1.66721,0.89808,2.03694,0.0002378,0.0002378,0.0002378
180,2798.5,0.5966,0.31193,0.89408,0.92304,0.82432,0.88779,0.46762,1.64549,0.8627,2.02456,0.0002279,0.0002279,0.0002279
181,2813.03,0.59978,0.3099,0.89976,0.93231,0.82432,0.89825,0.4896,1.5859,0.79872,1.92468,0.000218,0.000218,0.000218
182,2828.52,0.59345,0.30833,0.88869,0.92526,0.8365,0.90035,0.49169,1.56967,0.75267,1.91004,0.0002081,0.0002081,0.0002081
183,2844.75,0.60334,0.30958,0.88969,0.89613,0.84234,0.89172,0.49316,1.55627,0.75316,1.88029,0.0001982,0.0001982,0.0001982
184,2861.78,0.59944,0.30782,0.90065,0.90645,0.8293,0.89357,0.502,1.52799,0.79831,1.85846,0.0001883,0.0001883,0.0001883
185,2878.5,0.5935,0.30669,0.90539,0.91732,0.84957,0.90172,0.48576,1.55485,0.81193,1.86948,0.0001784,0.0001784,0.0001784
186,2893.8,0.60613,0.31879,0.90928,0.90089,0.85983,0.89853,0.50014,1.51808,0.78806,1.86196,0.0001685,0.0001685,0.0001685
187,2908.77,0.58487,0.30951,0.89849,0.89508,0.84543,0.89445,0.48897,1.53412,0.77349,1.87845,0.0001586,0.0001586,0.0001586
188,2924.94,0.59024,0.3017,0.88877,0.9338,0.83784,0.88866,0.48004,1.5334,0.77602,1.87092,0.0001487,0.0001487,0.0001487
189,2941.68,0.58593,0.31016,0.9041,0.91094,0.82929,0.89398,0.49347,1.51528,0.78069,1.85976,0.0001388,0.0001388,0.0001388
190,2957.91,0.57969,0.30296,0.90278,0.9135,0.83784,0.90234,0.48688,1.56684,0.76991,1.90007,0.0001289,0.0001289,0.0001289
191,2974.9,0.53359,0.27503,0.873,0.88649,0.84431,0.90386,0.50108,1.51731,0.77059,1.86601,0.000119,0.000119,0.000119
192,2989.56,0.55139,0.28483,0.88645,0.91318,0.82883,0.90347,0.49685,1.54706,0.80623,1.9005,0.0001091,0.0001091,0.0001091
193,3004.78,0.5196,0.26288,0.87455,0.91036,0.82883,0.89679,0.49695,1.55135,0.82387,1.89863,9.92e-05,9.92e-05,9.92e-05
194,3020.63,0.53803,0.27707,0.86968,0.91879,0.81982,0.90019,0.49812,1.54183,0.82229,1.87465,8.93e-05,8.93e-05,8.93e-05
195,3036.69,0.53202,0.26322,0.88843,0.91884,0.81081,0.90258,0.48927,1.57171,0.81022,1.89996,7.94e-05,7.94e-05,7.94e-05
196,3052.6,0.52851,0.26785,0.86867,0.92468,0.8018,0.90279,0.49057,1.57585,0.82935,1.90044,6.95e-05,6.95e-05,6.95e-05
197,3066.97,0.52891,0.2674,0.87437,0.92003,0.81081,0.89956,0.49499,1.54713,0.81286,1.87343,5.96e-05,5.96e-05,5.96e-05
198,3081.78,0.52294,0.27504,0.87434,0.92516,0.81532,0.90662,0.48916,1.57094,0.8212,1.8948,4.97e-05,4.97e-05,4.97e-05
199,3100.83,0.50205,0.25354,0.87265,0.91971,0.81081,0.90175,0.48388,1.60482,0.82299,1.92615,3.98e-05,3.98e-05,3.98e-05
200,3115.93,0.5087,0.25725,0.86003,0.93812,0.81948,0.90542,0.49106,1.58519,0.80966,1.91623,2.99e-05,2.99e-05,2.99e-05
